name,timeout,n,m,density,deg_min,deg_avg,deg_max,deg_var,deg_coeff_of_var,deg_heterogeneity,num_cc,max_cc_n,max_cc_m,max_cc_density,max_cc_radius,max_cc_diameter,max_cc_avg_dist,average_clustering_estimate,num_triangles
pace2023-heuristic_001,100,1000,100000,0.2002002002002002,53,200.0,364,4983.59,0.3529727326579208,-0.4522588428093223,1,1000,100000,0.2002002002002002,,,,0.6327773598550498,4257836
pace2023-heuristic_002,100,1000,150144,0.3005885885885886,184,300.288,683,14078.947056,0.3951364652223951,-0.403252889543809,1,1000,150144,0.3005885885885886,2.0,2.0,2.0,0.3987584376706894,6724963
pace2023-heuristic_003,100,1150,579607,0.8772951905248421,945,1008.0121739130436,1078,430.0989822306238,0.0205739855392825,-1.686681569751339,1,1150,579607,0.8772951905248421,2.0,2.0,2.0,,
pace2023-heuristic_004,100,1150,580417,0.8785212093692057,941,1009.4208695652172,1071,623.1359122873346,0.0247297149863585,-1.606780888918324,1,1150,580417,0.8785212093692057,2.0,2.0,2.0,,
pace2023-heuristic_005,100,1150,580640,0.8788587429522836,922,1009.808695652174,1080,666.2416635160681,0.0255609380500688,-1.5924232122314284,1,1150,580640,0.8788587429522836,2.0,2.0,2.0,,
pace2023-heuristic_006,100,1500,568960,0.5060796086279742,335,758.6133333333333,1153,48835.38915555555,0.2913042728186537,-0.5356531451424869,1,1500,568960,0.5060796086279742,2.0,2.0,2.0,,
pace2023-heuristic_007,100,1500,847244,0.7536081832332666,912,1129.6586666666667,1330,12301.96082488889,0.0981838214196095,-1.0079600687002772,1,1500,847244,0.7536081832332666,2.0,2.0,2.0,,
pace2023-heuristic_008,100,2314,96394,0.0360197762375001,1,83.31374243733794,602,3943.143570868839,0.7537106496506157,-0.1227953482656639,2,2312,96393,0.03608176031886015,,,,0.298061218976787,913129
pace2023-heuristic_009,100,2613,111996,0.0328185905201287,1,85.72215843857634,404,3742.487672034599,0.7136529927936741,-0.146512908599178,1,2613,111996,0.03281859052012877,,,,0.2903246960045113,1092534
pace2023-heuristic_010,100,2790,112986,0.0290403543876288,1,80.99354838709678,610,3903.73472540178,0.7714179191697481,-0.11271027718095,2,2788,112985,0.029081784200986442,,,,0.2913124219958913,1001690
pace2023-heuristic_011,100,3140,410781,0.0833526438498203,5,261.643949044586,2744,83324.73883281268,1.1032559673307016,0.0426762851532538,1,3140,410781,0.08335264384982032,,,,,25298991
pace2023-heuristic_012,100,3593,138035,0.0213907331565894,1,76.83551349846924,549,3550.148563450485,0.7754633297790161,-0.1104387343444643,2,3591,138034,0.021414415022390394,,,,0.2606824243269914,1094364
pace2023-heuristic_013,100,4087,184828,0.0221357764270772,1,90.44678248103745,581,5671.513622507861,0.8326382691082291,-0.0795436322666977,3,4083,184826,0.02217893458410688,,,,0.2941884170333136,1904637
pace2023-heuristic_014,100,5372,279191,0.0193526415890306,1,103.94303797468356,1341,7473.274864039511,0.8316873041122805,-0.0800399280658055,3,5366,279186,0.019395600826577476,,,,0.2758342707884009,3317840
pace2023-heuristic_015,100,6472,266378,0.0127209176474138,1,82.31705809641532,1124,5164.223948823571,0.8729968823800233,-0.0589873072309367,1,6472,266378,0.012720917647413897,,,,0.2536135569835697,2148395
pace2023-heuristic_016,100,7772,314989,0.0104307535048721,1,81.0573854863613,1183,4931.19176609278,0.8663300014794217,-0.0623166454863114,9,7755,314980,0.01047623846563584,,,,0.2350089284776116,2450583
pace2023-heuristic_017,100,9072,464959,0.0113002082143668,1,102.50418871252204,3890,37674.44949744587,1.893572094800252,0.2772818448557724,1,9072,464959,0.011300208214366888,,,,0.3760162170938929,10455943
pace2023-heuristic_018,100,9506,404398,0.0089513608227501,40,85.08268462023985,97,56.91110981364312,0.0886660461600226,-1.0522426573768036,1,9506,404398,0.008951360822750115,,,,0.7350578520646401,8320633
pace2023-heuristic_019,100,9506,481182,0.0106509767689566,45,101.23753418893332,119,123.37067618360916,0.1097145974249622,-0.9597355861048266,1,9506,481182,0.010650976768956686,,,,0.7386240972110413,11847153
pace2023-heuristic_020,100,10312,333983,0.0062821841956427,1,64.7756012412723,3992,31576.35519213269,2.743276268803346,0.4382695465673661,1,10312,333983,0.006282184195642741,,,,0.4631956780330237,5608664
pace2023-heuristic_021,100,11050,1499698,0.0245667980845505,1,271.4385520361991,3015,160112.6308395324,1.474148608514534,0.1685412668368684,40,10967,1499653,0.024939324797132765,,,,,
pace2023-heuristic_022,100,11203,117618,0.001874450092061,1,20.99758993126841,491,2307.2101164802416,2.2875685843613827,0.3593741236622803,1,11203,117618,0.0018744500920610972,,,,0.6216394284274775,3357890
pace2023-heuristic_023,100,12193,469528,0.0063169285418917,1,77.01599278274419,2002,5547.972925564452,0.9671331026475832,-0.0145137515970363,14,12164,469511,0.006346856060164677,,,,0.2172723794554288,3213881
pace2023-heuristic_024,100,12803,679817,0.0082953067053162,1,106.19651644145904,2109,9857.37120711031,0.9349110328029504,-0.029229715117971,3,12799,679815,0.00830046827014549,,,,0.2101613482306921,6972399
pace2023-heuristic_025,100,13314,148038,0.0016703932261908,1,22.237945020279405,2265,4459.711145424046,3.003023377578864,0.4775587130561182,4,13308,148035,0.0016718659569060076,,,,0.3684816759895111,1170290
pace2023-heuristic_026,100,13664,647484,0.0069364157391173,1,94.77224824355972,169,2942.910658411443,0.5724101889076975,-0.2422926443968752,1,13664,647484,0.006936415739117303,,,,0.5859621674454734,11783316
pace2023-heuristic_027,100,13686,360795,0.0038527352690499,1,52.72468215694871,1394,3715.371664647624,1.1560780672634028,0.062987161971147,15,13653,360774,0.0038711576447492922,,,,0.2132520262382919,1864084
pace2023-heuristic_028,100,13746,442174,0.0046806063149453,1,64.33493379892332,687,4559.259563857831,1.049543154836041,0.0210003004904462,6,13736,442169,0.004687371133310252,,,,0.262199582075497,3510522
pace2023-heuristic_029,100,14822,350491,0.0031909687420789,17,47.29334772635272,49,26.17922844999449,0.1081878186139456,-0.9658216357781072,1,14822,350491,0.0031909687420789905,,,,0.5666039822392515,3054280
pace2023-heuristic_030,100,14916,686501,0.0061715682691774,1,92.04894073478144,1602,7006.895298556155,0.9093771110563084,-0.0412559811481111,14,14888,686485,0.00619466035139805,,,,0.2136736283808411,5467967
pace2023-heuristic_031,100,16528,71067,0.0005203357280184,1,8.59958857696031,640,419.09705210565846,2.380562723762984,0.3766796288793273,1,16528,71067,0.0005203357280184129,,,,0.0106847506883928,16463
pace2023-heuristic_032,100,17000,1318728,0.009126682192378,1,155.1444705882353,343,27940.7486576609,1.077414255640362,0.0323827175483307,1,17000,1318728,0.009126682192378098,,,,0.3551499809312083,1276850
pace2023-heuristic_033,100,18454,117448,0.000689791952444,3,12.7287308984502,34,11.081934912628247,0.2615307098068499,-0.5824773074981171,1,18454,117448,0.0006897919524440579,,,,0.438079959249649,193422
pace2023-heuristic_034,100,19242,4652095,0.0251304763406663,8,483.5354952707619,6027,144204.44591293682,0.7853458712560728,-0.1049390351064729,1,19242,4652095,0.025130476340666383,,,,,
pace2023-heuristic_035,100,19321,215942,0.0011569920970145,2,22.353087314321204,77,67.46220373384922,0.3674453428954806,-0.4348072526185605,1,19321,215942,0.0011569920970145552,,,,0.003531711728768,5269
pace2023-heuristic_036,100,20082,130534,0.0006473830781173,4,13.000099591674136,23,7.249775908814692,0.2071169356488379,-0.683784388030143,1,20082,130534,0.0006473830781173316,,,,0.4193877279985835,216043
pace2023-heuristic_037,100,20515,1955255,0.0092920497919529,24,190.61710943212285,431,3594.1573187711106,0.3145115955076206,-0.5023633382246218,1,20515,1955255,0.009292049791952951,,,,,
pace2023-heuristic_038,100,21982,1455831,0.0060259608910882,2,132.4566463470112,1536,47156.45083177003,1.6394448073132126,0.2146968005218297,1,21982,1455831,0.006025960891088267,,,,,
pace2023-heuristic_039,100,22560,677576,0.0026627418913179,12,60.06879432624113,111,693.8507637945777,0.438514663451454,-0.3580158797219379,1,22560,677576,0.002662741891317928,,,,0.739991521818984,9183556
pace2023-heuristic_040,100,22900,852419,0.0032511059101186,1,74.44707423580786,3434,6892.662220697546,1.1151822887797054,0.0473458633845634,1,22900,852419,0.003251105910118689,,,,0.2070708033622182,5369593
pace2023-heuristic_041,100,23052,560044,0.0021079182447617,7,48.58962346000347,177,149.36082933939065,0.2515213322053229,-0.5994251753548707,1,23052,560044,0.0021079182447617663,,,,0.6101099246245095,5347140
pace2023-heuristic_042,100,23132,297094,0.0011104941740564,1,25.68684074010029,1062,1993.3072572333256,1.7381066888687615,0.2400764308956744,1,23132,297094,0.0011104941740564737,,,,0.0887581610585037,409174
pace2023-heuristic_043,100,23166,89157,0.0003322783810588,1,7.697228697228697,377,123.0546646845533,1.441168132493079,0.1587146503174318,1,23166,89157,0.00033227838105886885,,,,0.2659628739656996,78791
pace2023-heuristic_044,100,23218,304934,0.0011313707282424,1,26.267034197605305,1090,2131.5159956919133,1.7576534807548092,0.2449332585479449,1,23218,304934,0.0011313707282424648,,,,0.0991135953513774,480192
pace2023-heuristic_045,100,23937,155215,0.0005418042269602,1,12.968625976521702,1474,3432.540729335689,4.51766355484331,0.6549138844604494,1,23937,155215,0.0005418042269602984,,,,0.0544461871798019,1668938
pace2023-heuristic_046,100,23946,586932,0.0020472456847074,2,49.02129792032072,106,612.6953619836563,0.5049373432581398,-0.2967625093377447,1,23946,586932,0.0020472456847074848,,,,0.203778655531977,2291566
pace2023-heuristic_047,100,23946,586932,0.0020472456847074,2,49.02129792032072,106,612.6953619836563,0.5049373432581398,-0.2967625093377447,1,23946,586932,0.0020472456847074848,,,,0.203778655531977,2291566
pace2023-heuristic_048,100,24389,1174057,0.0039477441428896,1,96.277584156792,2926,8019.788296168703,0.9301570194311668,-0.0314437321811243,5,24380,1174051,0.0039506392102214415,,,,0.2107327248801172,10087811
pace2023-heuristic_049,100,24450,405229,0.0013557841409533,2,33.14756646216769,255,3841.442518617772,1.869801567159416,0.2717955194453915,1,24450,405229,0.0013557841409533187,,,,0.2335575904226079,18738902
pace2023-heuristic_050,100,25187,116702,0.0003679363140962,1,9.26684400682892,22817,20965.64646609084,15.625080975449585,1.1938222767105,63,25063,116640,0.0003713887352924974,,,,0.6416670508896801,173987
pace2023-heuristic_051,100,27917,205964,0.0005285661866393,1,14.75545366622488,678,527.5730014750625,1.556641894154381,0.1921887145074811,1,27917,205964,0.0005285661866393782,,,,0.2953907581829905,387444
pace2023-heuristic_052,100,28093,3148447,0.0079789474291363,1,224.1445911792973,4909,99315.48836616344,1.405983512417912,0.147980227861682,21,28045,3148414,0.008006199869451003,,,,,
pace2023-heuristic_053,100,29340,813276,0.0018895680428718,2,55.43803680981595,118,864.6199846939415,0.5304015594355508,-0.275395207730623,1,29340,813276,0.0018895680428718071,,,,0.1909480452925807,2946292
pace2023-heuristic_054,100,29340,813276,0.0018895680428718,2,55.43803680981595,118,864.6199846939415,0.5304015594355508,-0.275395207730623,1,29340,813276,0.0018895680428718071,,,,0.1909480452925807,2946292
pace2023-heuristic_055,100,29610,348761,0.0007956018101007,2,23.556973995271868,268,1309.2296651425183,1.5359900984362962,0.1863884160806891,1,29610,348761,0.0007956018101007081,,,,0.2415704963559732,2458338
pace2023-heuristic_056,100,29957,982542,0.0021897724032478,10,65.59682211169343,153,1469.5724010236352,0.584403345494185,-0.2332873065544672,1,29957,982542,0.002189772403247878,,,,0.6341769815349432,12275696
pace2023-heuristic_057,100,32766,160240,0.0002985158069419,1,9.780870414454007,24,9.949357552822432,0.3224927934929611,-0.4914799857766501,4,32759,160235,0.0002986340786434931,,,,0.5884202158837367,307546
pace2023-heuristic_058,100,34000,2637223,0.0045628037502833,1,155.13076470588234,343,28242.18219470934,1.083306108114709,0.0347511918800203,171,17000,2612063,0.01807762394327694,,,,,
pace2023-heuristic_059,100,34354,249766,0.0004232737478504,3,14.540723059905687,142,241.26260489140105,1.0682158145456744,0.0286590032521781,1,34354,249766,0.0004232737478504261,,,,0.1729614639148973,1244040
pace2023-heuristic_060,100,35427,1106187,0.0017627959755401,2,62.44881022948599,149,1246.592878802923,0.5653770196898357,-0.2476618478180628,1,35427,1106187,0.001762795975540168,,,,0.1545070232746481,3496865
pace2023-heuristic_061,100,35550,432221,0.0006840201035483,2,24.316230661040787,269,1422.9093371282304,1.5512877399352378,0.1906923602094437,1,35550,432221,0.0006840201035483639,,,,0.2393966507691033,3160758
pace2023-heuristic_062,100,36605,392187,0.0005854020401176,4,21.428056276464964,102,221.6779616501589,0.6948298722105224,-0.15812151858229,1,36605,392187,0.0005854020401176092,,,,0.1848497579238566,1783749
pace2023-heuristic_063,100,36692,183831,0.0002730975550353,1,10.020222391802028,1383,1303.21031818885,3.6027148895001044,0.5566298944244842,1065,33696,180811,0.0003185011711252004,,,,0.4969825595995026,727044
pace2023-heuristic_064,100,37261,203162,0.0002926679182577,1,10.904806634282494,2786,762.1719585929469,2.53167827134794,0.4034085141983621,1,37261,203162,0.0002926679182577159,,,,0.3604676863987592,539769
pace2023-heuristic_065,100,40523,994913,0.0012117768167001,1,49.1036201663253,87,464.5358413474225,0.4389308460702904,-0.3576038978349318,1,40523,994913,0.0012117768167001948,,,,0.5561745109252368,10306032
pace2023-heuristic_066,100,41731,258806,0.0002972330922349,1,12.403536938966235,5059,1177.5380038328292,2.7665716474277784,0.4419419218589036,1,41731,258806,0.0002972330922349925,,,,0.0,0
pace2023-heuristic_067,100,43019,206782,0.0002234766750573,2,9.61351960761524,2782,2383.414221088268,5.078288231289181,0.7057173467358046,1,43019,206782,0.00022347667505730716,,,,0.0004628924462103,418
pace2023-heuristic_068,100,44308,380593,0.0003877361554002,1,17.179425837320576,70,457.3611439151688,1.2448613626984586,0.0951209877629905,3944,11388,96087,0.0014819646717833907,,,,0.3400025675187436,28662
pace2023-heuristic_069,100,45769,230594,0.0002201631549576,2,10.076427276103914,60,66.27544096196527,0.8079225652943646,-0.0926302618453503,1,45769,230594,0.0002201631549576978,,,,0.225115169563166,227346
pace2023-heuristic_070,100,47104,329613,0.0002971173213489,7,13.9951171875,27,42.12692928314209,0.4637707588035774,-0.3336966375233731,1,47104,329613,0.0002971173213489587,,,,0.0006571431985394,1316
pace2023-heuristic_071,100,47271,356220,0.0003188364044742,1,15.071396839499904,161,271.5200870653612,1.0933204636971074,0.0387474768777856,1,47271,356220,0.0003188364044742946,,,,0.0011159089145888,2162
pace2023-heuristic_072,100,47430,599141,0.0005326745442071,2,25.264220957200084,269,1563.228690342913,1.56496758912371,0.1945053476265677,1,47430,599141,0.0005326745442071324,,,,0.236682437493684,4565598
pace2023-heuristic_073,100,48276,1245823,0.0010691355707615,1,51.612519678515206,208,6229.116616809724,1.5291784506807868,0.1844581692735109,70,27576,1218361,0.003204492008371293,,,,0.1469282995642951,37219976
pace2023-heuristic_074,100,48630,585951,0.0004955547998417,2,24.098334361505245,86,87.35113644012505,0.3878352274279653,-0.4113527461011985,1,48630,585951,0.0004955547998417661,,,,0.0018472390532576,8368
pace2023-heuristic_075,100,49152,98304,8.13818640515961e-05,4,4.0,4,0.0,0.0,-inf,1,49152,98304,8.13818640515961e-05,,,,0.0,0
pace2023-heuristic_076,100,52329,1323067,0.0009663518032682,1,50.56725716142101,206,288.2722685016029,0.335762380524785,-0.4739679646772156,1,52329,1323067,0.0009663518032682505,,,,0.5972221421813935,12968887
pace2023-heuristic_077,100,54870,1311227,0.000871055593045,11,47.79394933479133,275,72.77175854162839,0.1784877915780032,-0.7483914839306665,1,54870,1311227,0.0008710555930450952,,,,0.563362195018157,11718611
pace2023-heuristic_078,100,58084,401129,0.0002377981655883,1,13.812030851869704,282,804.5933433103904,2.0536700891162667,0.3125306778278799,2,58048,401056,0.0002380498835021896,,,,0.0315680688651382,21737
pace2023-heuristic_079,100,58228,214078,0.0001262832488546,1,7.353094731057223,1134,414.34860157191497,2.768297609051391,0.4422127776275492,547,56739,212945,0.00013229448579703528,,,,0.1723259274461329,494728
pace2023-heuristic_080,100,59826,1146657,0.000640753295296,2,38.33306589108415,77,173.10770115090858,0.3432295246557071,-0.4644153611393411,4,58212,1123992,0.000663400256506125,,,,0.5605584969517547,7509391
pace2023-heuristic_081,100,60000,350077,0.0001944904637299,8,11.669233333333333,35,11.658460078888888,0.2926026607756257,-0.5337217289457805,1,60000,350077,0.00019449046372995105,,,,0.226474315311595,289728
pace2023-heuristic_082,100,60709,1019096,0.0005530266853609,3,33.57314401489071,39,4.637738292541103,0.0641447483215868,-1.1928388945239576,2,59789,1005281,0.0005624477120893809,,,,0.6048623456096057,6683054
pace2023-heuristic_083,100,62370,311837,0.0001603293805082,5,9.999583132916468,11,4.999647092535769,0.2236082278509119,-0.6505122202645647,1,62370,311837,0.00016032938050820867,,,,0.0001030588067625,111
pace2023-heuristic_084,100,65281,602128,0.0002825868019731,2,18.44726643280587,92,194.40288467846588,0.7558216575924614,-0.1215806678064906,1,65281,602128,0.00028258680197312916,,,,0.077269223962464,626923
pace2023-heuristic_085,100,66127,797226,0.0003646366991462,7,24.11196636774692,26,17.493504937668458,0.1734625740764503,-0.7607942132385396,1,66127,797226,0.00036463669914628,,,,0.4361644371794043,2633962
pace2023-heuristic_086,100,66500,1302763,0.0005891944556348,2,39.18084210526316,144,311.6851908698061,0.4505928728511124,-0.3462156819107075,1,66500,1302763,0.000589194455634869,,,,0.7069163119197626,10807762
pace2023-heuristic_087,100,66640,662360,0.0002983050691126,1,19.87875150060024,64,197.91263973776785,0.7076974992527473,-0.1501523390318077,1,66640,662360,0.00029830506911268537,,,,0.072589283859129,556137
pace2023-heuristic_088,100,66917,818224,0.0003654565706406,7,24.454891880986896,32,12.349852670364164,0.1437027705333708,-0.8425348587568257,1,66917,818224,0.0003654565706406075,,,,0.4280938595503404,2715352
pace2023-heuristic_089,100,67024,1074856,0.0004785486269135,13,32.07376462162807,36,23.05018064739005,0.1496880838161088,-0.8248127710590292,1,67024,1074856,0.00047854862691356807,,,,0.2322213371978318,2577848
pace2023-heuristic_090,100,70200,2899876,0.0011769049396366,2,82.61754985754986,163,2546.577948412757,0.6108100523892259,-0.2140938241676033,1,70200,2899876,0.0011769049396366026,,,,,
pace2023-heuristic_091,100,71104,498117,0.0001970513440947,2,14.010941719171916,135,303.2811584065944,1.242954950937127,0.0944553885660529,6,62564,462484,0.00023631137935842839,,,,0.0449980450577246,51536
pace2023-heuristic_092,100,73084,1554289,0.00058200014609,2,42.53431667670078,92,141.78333060279724,0.2799452654140402,-0.5529268731303982,6,46732,995713,0.0009118947813801147,,,,0.5655992646105128,11697055
pace2023-heuristic_093,100,73244,145528,5.425482638208382e-05,2,3.973786248702965,275,326.5576657418698,4.547528598664222,0.6577754389511357,1,73244,145528,5.425482638208382e-05,,,,0.0,0
pace2023-heuristic_094,100,74474,272195,9.815368513524068e-05,1,7.309799393076778,117,181.5559565540045,1.84331599859358,0.2655997924527291,1,74474,272195,9.815368513524068e-05,,,,0.0227137160191428,242659
pace2023-heuristic_095,100,75383,583008,0.0002051934233434,1,15.467890638472864,34,17.541727303111095,0.2707728304884794,-0.5673949151748459,1,75383,583008,0.0002051934233434091,,,,0.5969374216972291,1795840
pace2023-heuristic_096,100,75879,405740,0.000140941972952,1,10.694395023656083,3044,1852.0991621687629,4.024166078238495,0.6046758958486106,2,75877,405739,0.00014094905573394035,,,,0.137756373392456,1624481
pace2023-heuristic_097,100,78136,452591,0.0001482651625322,3,11.584698474454797,39,24.866712725197832,0.4304517265167879,-0.3660755459127739,1,78136,452591,0.00014826516253221728,,,,0.5113248312392081,721409
pace2023-heuristic_098,100,79120,467869,0.000149481414328,1,11.826820020222447,2537,1591.8842655196802,3.373554707065221,0.5280877572611081,1,79120,467869,0.00014948141432806844,,,,0.0584067169499242,538841
pace2023-heuristic_099,100,79679,2963573,0.0009336053373812,15,74.38780607186335,80,138.05415219040677,0.1579512206253159,-0.8014770135778201,1,79679,2963573,0.0009336053373812514,,,,0.47116794692054,34125815
pace2023-heuristic_100,100,85320,255957,7.032348804500703e-05,3,5.999929676511955,82,227.98947491301053,2.516582886824807,0.4008112390040987,1,85320,255957,7.032348804500703e-05,,,,0.0003313540288695,326
pace2023-heuristic_101,100,87500,262481,6.856724893182453e-05,2,5.999565714285715,16,13.166079811395916,0.6047953272972004,-0.218391572891904,1,87500,262481,6.856724893182453e-05,,,,0.1385934985332445,100024
pace2023-heuristic_102,100,91581,318858,7.60363555451286e-05,1,6.963409440822878,229,226.0870965051288,2.1593147744343364,0.3343159562922256,242,91084,318602,7.680669401940784e-05,,,,0.0018574953908966,9294
pace2023-heuristic_103,100,91751,181850,4.320424515861063e-05,2,3.963989493302525,205,236.2348423590574,3.8773899600143378,0.5885394814213769,1,91751,181850,4.320424515861063e-05,,,,0.0,0
pace2023-heuristic_104,100,91934,734500,0.0001738097788122,1,15.97885439554463,64,112.2288695471201,0.6629895068386149,-0.1784933451369312,1,91934,734500,0.0001738097788122288,,,,0.0774372584046555,862668
pace2023-heuristic_105,100,92157,653974,0.0001540063164212,1,14.19260609611858,64,96.1103469274596,0.6907532278118144,-0.1606770769976482,1,92157,653974,0.00015400631642127025,,,,0.0795206209437804,855538
pace2023-heuristic_106,100,92531,734027,0.0001714637085829,1,15.865536955182588,20,19.936810482934167,0.2814317331792889,-0.550626934734778,1,92531,734027,0.00017146370858297404,,,,0.4277470715271031,1545618
pace2023-heuristic_107,100,93445,238421,5.460935056169806e-05,1,5.102916153887313,16713,13605.42005731016,22.85796402850984,1.359037544932364,18,93410,238403,5.4646155928718876e-05,,,,,
pace2023-heuristic_108,100,97840,285052,5.955601613834907e-05,1,5.826901062959935,232,38.692338475084725,1.0675171111381196,0.028374845021002,1,97840,285052,5.955601613834907e-05,,,,8.561706746032143e-05,146
pace2023-heuristic_109,100,99340,427449,8.663040835619032e-05,1,8.60577813569559,99028,177168.92367106254,48.91067179723744,1.6894036279782951,1,99340,427449,8.663040835619032e-05,,,,,
pace2023-heuristic_110,100,99617,662431,0.0001335082447044,5,13.299557304476144,125,15.367757616442248,0.2947596729568237,-0.5305319340094905,1,99617,662431,0.00013350824470442644,,,,0.4314192411288947,1119084
pace2023-heuristic_111,100,100196,222246,4.4275911961694257e-05,1,4.436224999001956,29,2.428075748968247,0.3512509850427358,-0.4543824491565441,1,100196,222246,4.4275911961694257e-05,,,,0.1225128695201903,70091
pace2023-heuristic_112,100,101131,2547928,0.0004982563453753,2,50.38866420780968,1451,58280.13381816306,4.79101383186048,0.6804274246865756,1,101131,2547928,0.0004982563453753552,,,,,
pace2023-heuristic_113,100,103430,1012440,0.0001892824899795,12,19.57729865609591,4056,316.5267281953447,0.9087667490031094,-0.0415475718054276,1,103430,1012440,0.00018928248997956,,,,0.3041318249433432,1903356
pace2023-heuristic_114,100,104115,728763,0.0001344602378145,7,13.999193199827117,22,50.6549482037054,0.5084027963516371,-0.2937920693754142,1,104115,728763,0.00013446023781457935,,,,4.546061743546257e-05,232
pace2023-heuristic_115,100,109198,190964,3.2029938694530615e-05,1,3.49757321562666,135,12.489687145388572,1.0104363595065653,0.0045089654658768,12,96772,169601,3.6221252067049346e-05,,,,0.0,0
pace2023-heuristic_116,100,110594,289934,4.740999807919472e-05,2,5.2432139175723815,61592,34850.230718050225,35.60452957007584,1.551505251965953,1,110594,289934,4.7409998079194724e-05,,,,,
pace2023-heuristic_117,100,110594,292426,4.781748983667523e-05,2,5.288279653507424,36398,23378.43166056102,28.91300779281146,1.461093273264344,1,110594,292426,4.781748983667523e-05,,,,,
pace2023-heuristic_118,100,110594,296017,4.840469003776371e-05,2,5.353219885346403,47664,27544.420527500595,31.00285845912143,1.4914017375695106,1,110594,296017,4.840469003776371e-05,,,,,
pace2023-heuristic_119,100,113076,1845996,0.0002887511467852,9,32.65053592274223,7030,621.7943027479137,0.7637180501565675,-0.1170669449077361,1,113076,1845996,0.00028875114678525074,,,,0.4529608059365402,9848262
pace2023-heuristic_120,100,113795,272952,4.215739166840422e-05,1,4.79725822751439,244,79.35081105994978,1.8568746560320253,0.2687825886989169,2,113793,272951,4.2158719130212334e-05,,,,0.0,0
pace2023-heuristic_121,100,114919,3269240,0.0004951045327775,14,56.89642269772622,131,204.3661371868102,0.2512577733109376,-0.599880493337327,1,114919,3269240,0.0004951045327775129,,,,0.5685878498877964,34003720
pace2023-heuristic_122,100,116015,3781390,0.0005618972695887,1,65.18794983407318,29288,99168.55650350272,4.830806847051862,0.6840196731858504,15,115987,3781376,0.0005621665133178809,,,,,
pace2023-heuristic_123,100,119187,992859,0.0001397859233237,2,16.660525057262955,64,149.47624744596234,0.733833289519155,-0.1344025908540607,1,119187,992859,0.0001397859233237373,,,,0.0803514529398186,1367579
pace2023-heuristic_124,100,124565,194880,2.5119366843260448e-05,2,3.1289688114638943,232,171.43609453734055,4.184560950718948,0.62164989800844,1,124565,194880,2.5119366843260448e-05,,,,0.0001389499231667,59850
pace2023-heuristic_125,100,125859,1872083,0.0002363687139725,1,29.74889360315909,107,1156.0907049431046,1.142944484713429,0.0580251362849171,6372,27950,406359,0.0010403795156921074,,,,0.2569560181167567,220167
pace2023-heuristic_126,100,126086,332685,4.185361023959982e-05,2,5.277112447059944,52,44.4661872935911,1.263626130361223,0.1016185980453571,60,123306,328168,4.316794043943907e-05,,,,0.0223250795931269,10209
pace2023-heuristic_127,100,129017,2096588,0.0002519141597801,2,32.500957238193415,85,372.25930018355,0.593644742637019,-0.22647337398901,1,129017,2096588,0.0002519141597801313,,,,0.1158837402311848,4514742
pace2023-heuristic_128,100,131072,393176,4.577205978772955e-05,3,5.9993896484375,17,1.8078151792287829,0.2241144943189473,-0.6495300551151877,1,131072,393176,4.577205978772955e-05,,,,0.4336470101588135,263620
pace2023-heuristic_129,100,131580,711210,8.215828907010891e-05,1,10.81030551755586,3558,2663.266143986306,4.773856015730615,0.6788693161125723,5568,119130,704267,9.924958436161717e-05,,,,0.1281858173273733,4910076
pace2023-heuristic_130,100,132402,830777,9.478260695862072e-05,5,12.54931194392834,22,37.01920320174991,0.484834614533889,-0.3144063814894279,1,132402,830777,9.478260695862071e-05,,,,5.757125959658627e-05,314
pace2023-heuristic_131,100,145301,687206,6.510025965843608e-05,1,9.459067728370762,59232,114930.7565660616,35.84014827309096,1.5543697976991282,2,145299,687205,6.51019571161786e-05,,,,,
pace2023-heuristic_132,100,149353,1029253,9.228415584833309e-05,1,13.782823244260245,31,14.046946862472296,0.2719272828359263,-0.5655472168675525,1,149353,1029253,9.228415584833309e-05,,,,0.5877810586467799,2776657
pace2023-heuristic_133,100,151926,7342289,0.0006362094590055,11,96.65612205942368,332,2162.963340316157,0.4811663110679039,-0.3177047874616432,1,151926,7342289,0.0006362094590055861,,,,,
pace2023-heuristic_134,100,153746,4463329,0.0003776452877145,5,58.06107475966854,98,237.45267199151013,0.2654015529568077,-0.5760965402560632,6,107624,3250488,0.0005612603201736019,,,,,
pace2023-heuristic_135,100,160218,3014891,0.0002348992928543,5,37.63486000324558,76,185.2922803924021,0.3616915462965291,-0.4416616417489523,71,53363,1081932,0.0007599020674149202,,,,0.6919163387599693,25404942
pace2023-heuristic_136,100,166224,455426,3.296575078585443e-05,2,5.479665992877082,78222,49299.21853204741,40.5196728443057,1.6076659302102976,1,166224,455426,3.296575078585443e-05,,,,,
pace2023-heuristic_137,100,166224,459196,3.3238640081728346e-05,2,5.52502647030513,92833,59096.61454356709,43.999418622920665,1.643446938065152,1,166224,459196,3.3238640081728346e-05,,,,,
pace2023-heuristic_138,100,169422,554926,3.866589114619664e-05,1,6.550813943879779,39936,22950.433946257017,23.125982145510985,1.364100186008617,1,169422,554926,3.8665891146196634e-05,,,,,
pace2023-heuristic_139,100,170997,394032,2.695175475965344e-05,1,4.6086422568817,352,19.286004716297835,0.9529017767788088,-0.0209518632666299,5,170640,393334,2.7016702753273282e-05,,,,0.4208442064352061,180615
pace2023-heuristic_140,100,178858,391590,2.4482021572316145e-05,1,4.378780932359749,60422,21664.53637158749,33.614099513541106,1.5265214814530557,6,178830,391566,2.4488187716313447e-05,,,,,
pace2023-heuristic_141,100,179104,2200076,0.0001371701247152,1,24.56758084688225,75,118.67041496242037,0.4434134236806826,-0.3531911634042061,36,178573,2197367,0.00013781720442966592,,,,0.3573520308737819,7729354
pace2023-heuristic_142,100,189859,585365,3.247855184063451e-05,1,6.166312895359187,59,15.004326916375511,0.6281779686118107,-0.2019172991984232,12,40660,131224,0.00015875199811584228,,,,0.6304278200554384,653181
pace2023-heuristic_143,100,190963,689214,3.779966083701562e-05,1,7.218298832758178,70,93.88383496572013,1.3423338840799193,0.1278605530746234,11,169601,636747,4.42733767033458e-05,,,,0.0326583977843581,28006
pace2023-heuristic_144,100,194763,1539257,8.115783475754347e-05,1,15.80646221304868,10558,13078.352791786216,7.235055163767513,0.8594418467513245,1,194763,1539257,8.115783475754347e-05,,,,,
pace2023-heuristic_145,100,198526,250564,1.271499144133645e-05,1,2.524243675891319,276,17.323971747720382,1.6488929324745278,0.217192456526796,61348,75832,189217,6.580984301006076e-05,,,,0.0,0
pace2023-heuristic_146,100,206500,1213389,5.691045270848711e-05,3,11.75195157384988,56,52.74096108240066,0.6179652108095745,-0.2090359734204197,1,206500,1213389,5.691045270848711e-05,,,,0.0923251960179667,298904
pace2023-heuristic_147,100,214765,1679018,7.280485767777898e-05,4,15.635862454310525,40,9.804302318240405,0.2002564466669135,-0.6984134941860375,1,214765,1679018,7.280485767777898e-05,,,,0.4248200839815569,3447311
pace2023-heuristic_148,100,217891,5653221,0.0002381493323376,1,51.89035802304822,179,29.35676394697634,0.1044160892237561,-0.9812325767865612,5,217883,5653217,0.00023816665241718982,,,,0.5809482222169097,55981589
pace2023-heuristic_149,100,230207,2313260,8.730101236570156e-05,1,20.097216852658693,12285,11861.97564056192,5.419292538487298,0.7339425952680902,7503,14134,630499,0.00631269710877313,,,,,
pace2023-heuristic_150,100,240547,560943,1.9388787198751064e-05,1,4.663895205510773,212,34.94581625823784,1.2675024602648155,0.102948810986357,3957,230686,554949,2.085655015760525e-05,,,,0.0501096632579539,97026
pace2023-heuristic_151,100,245762,3210224,0.0001063010696923,26,26.1246571886622,15120,927.23677786789,1.1655870785162603,0.0665447242799576,1,245762,3210224,0.00010630106969235234,,,,0.4073021180127941,10944120
pace2023-heuristic_152,100,245762,3210224,0.0001063010696923,26,26.1246571886622,15120,927.23677786789,1.1655870785162603,0.0665447242799576,1,245762,3210224,0.00010630106969235234,,,,0.4073021180127941,10944120
pace2023-heuristic_153,100,256000,755200,2.304696502720713e-05,3,5.9,6,0.0962499999999999,0.0525833629067409,-1.2791516425518752,1,256000,755200,2.3046965027207138e-05,,,,0.0,0
pace2023-heuristic_154,100,265009,364481,1.0379711479564905e-05,1,2.750706579776536,7636,1469.0101673158003,13.933753862464124,1.1440681345236714,15631,224832,339925,1.344927228086831e-05,,,,0.0671368536390612,267313
pace2023-heuristic_155,100,307470,1180049,2.4964677128313408e-05,2,7.675864311965395,197198,164711.28408621668,52.873052911781656,1.723234387470779,1,307470,1180049,2.4964677128313408e-05,,,,,
pace2023-heuristic_156,100,310870,1208427,2.5008876765487952e-05,2,7.774484511210474,201487,167878.0175958154,52.70178360125945,1.7218253134113533,1,310870,1208427,2.5008876765487952e-05,,,,,
pace2023-heuristic_157,100,311472,1214876,2.50452470240234e-05,2,7.800868135819592,217704,179450.5860399819,54.303710296823816,1.7348295037396293,1,311472,1214876,2.50452470240234e-05,,,,,
pace2023-heuristic_158,100,320287,1248073,2.433283529328941e-05,2,7.793466484746493,223031,183881.4820826572,55.02224744495412,1.740538325657585,1,320287,1248073,2.4332835293289414e-05,,,,,
pace2023-heuristic_159,100,321523,753068,1.456939269355198e-05,1,4.684380277616221,411,63.21908611885378,1.6973521816094153,0.2297719629191704,101,320926,752373,1.4610152346058502e-05,,,,0.7817972938027242,499027
pace2023-heuristic_160,100,376320,1881590,2.657305863839321e-05,5,9.999946853741497,21,54.99891049887614,0.7416164446720388,-0.1298206486705432,1,376320,1881590,2.6573058638393215e-05,,,,2.350423252007565e-05,278
pace2023-heuristic_161,100,376738,583098,8.216632149265023e-06,1,3.095509346017657,201,146.7863167047434,3.913908485938829,0.5926106668722065,47,376646,583052,8.219998135175649e-06,,,,0.0004941838043019,262955
pace2023-heuristic_162,100,383640,1470326,1.998006975248268e-05,1,7.665133979772704,655,210.47999799841887,1.8927169226213056,0.2770856651330941,1,383640,1470326,1.998006975248268e-05,,,,0.000305899099356,13089
pace2023-heuristic_163,100,394707,1127491,1.4474198450166608e-05,1,5.713052973471461,120069,80933.06740539124,49.79603337337159,1.6971947493326691,1,394707,1127491,1.4474198450166608e-05,,,,,
pace2023-heuristic_164,100,400727,2349869,2.926695374578892e-05,1,11.728029306735008,2747,218.10854522411464,1.2592480818084186,0.1001112979767184,1,400727,2349869,2.9266953745788916e-05,,,,0.4022345567344218,3686467
pace2023-heuristic_165,100,411981,420918,4.959914306357262e-06,1,2.043385495933065,3,0.0428916082190498,0.1013528251244767,-0.9941641412100364,96896,248,344,0.011231552827478125,25.0,50.0,34.306451612903224,0.0,0
pace2023-heuristic_166,100,415624,2374044,2.7486444720653103e-05,1,11.423998614132003,127066,311194.39750656416,48.83123891914208,1.688697743102908,15360,372840,2318025,3.3350648060659916e-05,,,,,
pace2023-heuristic_167,100,425008,732790,8.113651349582184e-06,1,3.448358619131876,31556,4513.721587770048,19.48296090277457,1.289654959011773,383,424075,732239,8.143264373080105e-06,,,,,
pace2023-heuristic_168,100,434580,927822,9.82553461278392e-06,1,4.269971006489024,99,25.7517785485634,1.1884439068568713,0.074978688363376,1,434580,927822,9.825534612783921e-06,,,,3.294260318910612e-06,18
pace2023-heuristic_169,100,435666,521200,5.491968820685872e-06,1,2.3926585962641105,8,0.8369730005423677,0.3823622335602706,-0.4175250101364209,1,435666,521200,5.491968820685872e-06,,,,0.0172345656666183,7623
pace2023-heuristic_170,100,446550,2338468,2.3454285758795664e-05,1,10.473487851304446,7682,3636.83682817752,5.757985605498393,0.7602705748420925,45,446461,2338423,2.3463186195459247e-05,,,,,
pace2023-heuristic_171,100,466316,610306,5.61329585210817e-06,1,2.617564055275821,93261,37990.99882462401,74.46343007662435,1.8719430376443944,1,466316,610306,5.61329585210817e-06,,,,,
pace2023-heuristic_172,100,495402,1800304,1.467105035220119e-05,1,7.268053015530821,226844,123538.95413052004,48.35973068670872,1.6844838736278993,1,495402,1800304,1.467105035220119e-05,,,,,
pace2023-heuristic_173,100,495957,1936748,1.5747656709676483e-05,1,7.810144831104309,25409,3303.4950272650603,7.359151458229161,0.8668277412051999,1,495957,1936748,1.5747656709676483e-05,,,,,
pace2023-heuristic_174,100,524288,1572823,1.1443815309958303e-05,3,5.999843597412109,21,1.791183447217918,0.2230643176292298,-0.6515698958574354,1,524288,1572823,1.1443815309958303e-05,,,,0.4334307061058796,1054626
pace2023-heuristic_175,100,539417,849393,5.838351249641194e-06,2,3.1493000776764544,402,317.96957292455426,5.662115678745575,0.7529787378880877,1,539417,849393,5.838351249641194e-06,,,,9.118497067934624e-05,539201
pace2023-heuristic_176,100,541089,5346690,3.6524004922781466e-05,1,19.76270077565798,444787,730395.7315650092,43.244692981908265,1.6359328181571184,1,541089,5346690,3.6524004922781466e-05,,,,,
pace2023-heuristic_177,100,550153,869527,5.745752120524201e-06,1,3.16103702061063,322,30.62053269755686,1.750559145681616,0.2431767887424198,1,550153,869527,5.745752120524201e-06,,,,0.0,0
pace2023-heuristic_178,100,551250,828278,5.451420772524044e-06,1,3.0050902494331067,326,256.080765019066,5.325139140440188,0.7263309599297267,16,551220,828263,5.45191543820107e-06,,,,9.260382498306654e-05,11270
pace2023-heuristic_179,100,692367,1097815,4.580227639638067e-06,1,3.17119388994565,442,13.433946966592323,1.1557902291942563,0.0628790187123381,50468,591433,1047348,5.988397654402595e-06,,,,0.0,0
pace2023-heuristic_180,100,726713,2177124,8.244947605009744e-06,2,5.991702363931841,8,1.0152645752236564,0.168166460999314,-0.7742606152879677,1,726713,2177124,8.244947605009744e-06,,,,0.418363245908449,1450412
pace2023-heuristic_181,100,875713,4322051,1.1271891119695635e-05,1,9.870930316210904,6332,1573.7498718321865,4.01892376240961,0.6041097678544244,2746,855802,4291352,1.1718662539836308e-05,,,,,
pace2023-heuristic_182,100,901132,1366464,3.3655174589460323e-06,1,3.0327721132974967,2672,743.810034682988,8.992723462099729,0.9538912385006716,1,901132,1366464,3.3655174589460323e-06,,,,,
pace2023-heuristic_183,100,917450,1421314,3.377191541741768e-06,1,3.098401002779443,427,15.94518126793948,1.2887750086290015,0.1101771058408998,1,917450,1421314,3.3771915417417677e-06,,,,0.0,0
pace2023-heuristic_184,100,926552,1015162,2.364973187709229e-06,1,2.191268272045174,19,2.8648510141127046,0.7724234859120114,-0.1121445297568033,174071,523661,761368,5.552965601196857e-06,,,,0.0,0
pace2023-heuristic_185,100,943702,1462614,3.2846600705581e-06,1,3.0997369932457493,389,15.507228505101954,1.270405153613514,0.103942246875662,1,943702,1462614,3.2846600705580997e-06,,,,0.0,0
pace2023-heuristic_186,100,971171,3015106,6.393543388116248e-06,1,6.209217532236856,51221,16058.26835637236,20.4085655452141,1.309812480576381,1,971171,3015106,6.393543388116248e-06,,,,,
pace2023-heuristic_187,100,1329471,2089934,2.3648584822155427e-06,2,3.1440084063510976,639,510.8965324332476,7.189236638667618,0.8566827789483198,1,1329471,2089934,2.3648584822155427e-06,,,,,
pace2023-heuristic_188,100,1421314,5824182,5.766139848076689e-06,1,8.195489525889423,244,538.5418189395537,2.831618994031856,0.4520348168421344,1,1421314,5824182,5.766139848076689e-06,,,,,
pace2023-heuristic_189,100,1441295,1549970,1.4922714470668747e-06,1,2.150801883028804,10,0.2427478141002982,0.2290747682638554,-0.6400227441028156,1,1441295,1549970,1.4922714470668747e-06,,,,0.0016767262377633,2420
pace2023-heuristic_190,100,1463861,6012599,5.611679401687128e-06,1,8.21471300895372,199,490.2139599006709,2.695258608684143,0.4306004418552874,1,1463861,6012599,5.611679401687128e-06,,,,0.1008447932713636,264021
pace2023-heuristic_191,100,2033592,3212130,1.5534442550053333e-06,1,3.159070255980551,399,22.200598407799784,1.491499307082248,0.1736230559344703,1,2033592,3212130,1.5534442550053333e-06,,,,0.0,0
pace2023-heuristic_192,100,2216688,2441238,9.936448194666658e-07,1,2.202599553929105,7,0.338213830873104,0.2640341700686323,-0.5783398651303266,1,2216688,2441238,9.936448194666658e-07,,,,0.0009615568039215,2032
pace2023-heuristic_193,100,2481054,3883988,1.2619310216485809e-06,1,3.130917747054276,621,42.6435160552363,2.085714424653879,0.3192548447006513,1,2481054,3883988,1.2619310216485807e-06,,,,0.0,0
pace2023-heuristic_194,100,2481054,3883988,1.2619310216485809e-06,1,3.130917747054276,621,42.6435160552363,2.085714424653879,0.3192548447006513,1,2481054,3883988,1.2619310216485807e-06,,,,0.0,0
pace2023-heuristic_195,100,2627429,5916181,1.7139953333360573e-06,1,4.503399330676491,17,2.112504995902102,0.3227441755199809,-0.4911415865901465,641,2625744,5914894,1.715822520130978e-06,,,,0.4256559444789899,2975141
pace2023-heuristic_196,100,2665215,5999192,1.68911190309823e-06,1,4.501844691704046,16,2.112002476563144,0.3228172275043354,-0.4910432967181558,645,2663508,5997888,1.6909100267787912e-06,,,,0.4259033154834319,3015982
pace2023-heuristic_197,100,2991779,3427634,7.658885273795991e-07,1,2.291368446666682,3,0.5233198078321251,0.3157102326629345,-0.5007113417155478,311397,359843,516568,7.978708237610405e-06,,,,0.0,0
pace2023-heuristic_198,100,3249556,3396491,6.432985110646318e-07,1,2.0904338931226296,3,0.0830674073098149,0.1378728933343785,-0.8605211104193463,725344,3000,4392,0.000976325441813938,88.0,176.0,118.60733333333332,0.0,0
pace2023-heuristic_199,100,3519230,4222553,6.818830987955934e-07,1,2.399702775891317,3,0.5300476777884886,0.3033891283310356,-0.5179999858117625,293204,790118,1162630,3.7246730700556124e-06,,,,0.0,0
pace2023-heuristic_200,100,3598623,4354029,6.724325547942625e-07,1,2.4198305851988384,9,0.8867016394644762,0.3891381358345029,-0.4098962059197023,1,3598623,4354029,6.724325547942625e-07,,,,0.0195905147563908,73666
